Password,Password validation
~J=~LqSJv6ORt,Non valida
~2^k(mz!$kPf7JD,Valida
}n#3V:kVnHVA,Valida
|.j4$RhPBF\vm,Valida
{Aj/N8F*cUY}[z,Non valida
zytyyotb,Non valida
zpqwkz,Non valida
zmcvkw,Non valida
zllnokqcz,Non valida
zdrczbto,Non valida
"zD5T!,/eCOc!",Valida
yhsjo,Non valida
"yWi6al9_optm,_]",Valida
y3k\'bR>4vxgR=R,Non valida
xsounz,Non valida
xrhwj,Non valida
xgjuo,Non valida
xc{GgA\E][KZ(1^,Non valida
wmypbwdr,Non valida
wegrggb,Non valida
w8~wd_{F/sf?,Valida
vyokpq,Non valida
vvemxjq,Non valida
vhobiqda,Non valida
vhhwzumr,Non valida
vhgldejuw,Non valida
vguugog,Non valida
v1._$J2';CY[h-K,Valida
"v""~Lgzxg6m$",Non valida
usmbnwoiv,Non valida
uomvgqsjp,Non valida
ucuqgrbu,Non valida
u<Q3gfz>ZI<m9,Non valida
"ty{L8E#H@""b.n`",Valida
tpoawljej,Non valida
tit/eIZ5Os,Non valida
thszrtomt,Non valida
tgbfoe,Non valida
tdjndyeny,Non valida
tZI|[A9VO^C(1Z<,Non valida
tJU>?9%[~m,Valida
srzvjma,Non valida
sVR&np6I$2R,Non valida
ryyswgo,Non valida
rkwco,Non valida
rkjwt,Non valida
"rX{I6u4;C""]i",Valida
qssqpnyc,Non valida
qrpjihc,Non valida
qrcwgebjh,Non valida
qnnzfaks,Non valida
qemewawei,Non valida
qdnvtz,Non valida
q9*?FO5E|f5B*Z,Valida
p~r7lKrh#lV!2,Valida
prtmxtm,Non valida
pZ5;#{@Zq-#c&,Valida
pB/7Os&1l!:,Valida
opbaq,Non valida
op/2u(+S'\rrvq,Non valida
oorcb,Non valida
oommt,Non valida
oocql,Non valida
oipimoes,Non valida
oZ.<rQHm8^m@<,Valida
oN2HB-xp)s5Z&,Non valida
o?_8A5(lqxt/y,Valida
nvKk9r15:pfNj`x,Valida
npsthtrx,Non valida
noipbo,Non valida
nf55]ePb=56G,Non valida
n^+10_TAX|4#,Valida
nZvtci6f/{6C!,Valida
n4#=J/VD3.,Valida
n.8e~ZbMdF8T`A@,Valida
mudurqvvk,Non valida
mszwry,Non valida
mqgmnv,Non valida
mmrnejruj,Non valida
mj;{SoJ\K]Xs2,Valida
mX|8O8UFa~,Non valida
mMHAf\/zGGo0_,Valida
m8C@C5N\xR^,Non valida
lyjlq,Non valida
lxssbtw,Non valida
kyyyc,Non valida
kowkzqd,Non valida
"ko.4wwO""4F=",Valida
kdxwjishg,Non valida
k^tg[AzKiY24,Non valida
"k^2@C/A1<2JJJM""",Non valida
"kU{L)73@""@~Q%<p",Non valida
"k""~d""nrsBc4)",Non valida
jviko,Non valida
jkpwuq,Non valida
jgxjkrtlo,Non valida
jgnxamhpx,Non valida
"jb<z%73K8>3ER,",Valida
j_H>967E?`,Valida
"jRR52,pC4@",Valida
j>B}bgAA1!47E,Valida
"i{q-RBl""kx70",Non valida
iu\^1\D|`Pu,Non valida
imzriqav,Non valida
ilktdcc,Non valida
ifdlkuylb,Non valida
ibwnrvya,Non valida
iaxse,Non valida
"i:,mY2k,&#pD|V",Valida
i/uhN0_DZNZ!z?,Valida
hynit,Non valida
hylyp,Non valida
hxkjlp,Non valida
hhecxrtop,Non valida
hcxai,Non valida
hckcreg,Non valida
h4orD.{XM'L4,Valida
h)F2{x!kQE3c,Valida
gvvva,Non valida
gtfdypir,Non valida
gjjpa,Non valida
gipjb,Non valida
ftjzpnuev,Non valida
fdhjgs,Non valida
fcuxy,Non valida
eruwgra,Non valida
eqygryx,Non valida
ei9ErT_=R)2y9,Valida
efhyowtv,Non valida
e_-:nL<L}7,Valida
e50/4]{}CB,Non valida
dxjqutcgw,Non valida
dj.*GK(h>Uz7,Valida
descm,Non valida
dbbnqz,Non valida
dXFG<`UefrUV'1;,Valida
dON<E+`WBs7A69J,Non valida
"dG3i-$/D<>V3,",Valida
"d<""=B,\2Dxy$wN",Valida
cwwrrctwn,Non valida
ctkywjjd,Non valida
cgldhl,Non valida
cgiesty,Non valida
cedyiory,Non valida
cbfce,Non valida
cayzugizi,Non valida
"cB"")}BA|6]",Non valida
bxwvp,Non valida
bf321`KN\`,Non valida
bbscol,Non valida
"b'8XQ9s7""~[3pC",Non valida
"b""OZb&&l@w4f&",Non valida
avyrq,Non valida
avaolyzj,Non valida
aotyqjije,Non valida
adwrklusd,Non valida
abkzhsjdi,Non valida
a8S34|AUza'9_z,Valida
`jxTKk<%=4q'[Q,Non valida
"`50;E,moCi>:;v*",Valida
_ATrrSJX2WyE36u,Valida
^rJk-mM@z3g,Non valida
"]ajF""tFE99P>",Non valida
]16vVzOGvVGy/,Non valida
]/a7+iAu8;,Valida
\\Jiu~Dz6k,Non valida
\(0?5gtAdM,Valida
[F|/rvLk/=t_Z7,Valida
[1!pu[ly*KdUJ7L,Valida
"[,1aPKJLG4",Valida
ZjeaN1WLfw@Y'z,Non valida
Z32PYvysR!,Valida
"Y|M{,1K71s",Valida
"Ym3go,SlFRKI[",Valida
Y9`}sq~^\;Eu9,Valida
"Y""TO,!/0vk\?P9",Valida
XrLtS:U8xL^cKGc,Valida
X\!XoGKlHLX4^,Valida
"X""?/b\7v;k$",Valida
WAh=e=H&C7H6'@?,Valida
W+si{bl2X=It,Non valida
Vhf]m~o#ZlE6\W,Non valida
VL&;vjo[T62k*g4,Valida
"UD;8!r-I}Cp04""",Valida
U%3u1$CxV7,Non valida
T+miX4/fyYp%@nH,Non valida
"S.NvL\QHWC-,_3",Valida
S.<vi``v;1,Valida
S!k1k2!$=P',Valida
"R{9bPdbhq""wyEj7",Non valida
RmsB?K~zgFx7,Valida
RV'{0^caXCDy,Non valida
R0%f9*J'.3xy,Valida
Pg/Md1Ais2~ktY,Non valida
O|hU-1N>dB]P,Non valida
Oj&3;dkN#a0t\6,Valida
OA3w=Plk0*,Non valida
Nwen!rN!*8gn,Valida
LL9j6jA\(\DX\p;,Valida
L:Ham55k?A>,Valida
Kwj`[>.D9X9Igc,Valida
Jx_0e-q2OLBoNE,Valida
J4p8U-o?foc,Valida
IVj.kH0t\L{M@cv,Valida
I5~H5GE?e5,Valida
I5L:`\Sr_u}B,Valida
"I/Sxr9'K$9""Vv~",Non valida
Hmc|-`l*T2V,Non valida
HW&Ce[}s07,Non valida
"HO^81@J,ED7yB'",Valida
"HJR""""Tb7U:2<",Valida
GzifNtn)PJ8L,Non valida
"G\ykMA0rzs""R:",Valida
GWrVI!86b@,Valida
"GH}e,<V7jt",Valida
GEj%ZT8;eEsx==t,Valida
G6k7&@4t#DMSb^,Non valida
"G'1)""Ith>;dSG}",Valida
"E=F1Z7bf""m\'",Non valida
Da!nvSW`8(6Y't,Valida
DFN}jo!3#}`Z,Valida
D0.v~l?`:E,Valida
Cr56u|QKqw~d2~0,Non valida
BM7v]3j-xQSrdS,Non valida
AV8{@asmyb884D=,Non valida
ANvt=Wld*z8D,Non valida
A(Sh3i+Chx}83,Non valida
@6?7<a9ZCoV$)G,Valida
"@""x|fE(@MIQ=w9",Non valida
?e%i%AY9lV$!4,Valida
?d`n?C*kH5,Valida
?UE0D9PM?l9k,Valida
?+jY'x{/4n&|.,Valida
?)k0D%6NG6u,Valida
>}LdudW~i8l)5D,Non valida
>UM\Sz4b21,Non valida
<I@;Uv6O{Xqz,Valida
<.Ix7cWiK^w,Valida
<(39^3>Z6<F;a,Valida
;yI{h2.V)-,Valida
;wPHB&6ryl~,Valida
";fTrN`,W|g0",Valida
:2m?nY%Te3WMI<,Valida
9]_NJcQL@_Xz-9,Valida
9B>Nv#Z2Z#&IF.Z,Valida
96VR(VVua5{,Non valida
"9&-""Y:lCGx>",Valida
8\-oXY7IMf8j`3R,Non valida
8AA2ieweb_{,Valida
8:r#![4(F$LXsuF,Valida
7>L<!(@6m}p9$,Valida
6kLb}?hHs,Non valida
6W`l^8\fG`,Non valida
6W;#^hRdzU3,Valida
5~CAy.=4T}y!T,Valida
5X(5Qez:_k,Valida
5@r3|WwNy?qY$,Valida
5=l[f*fBr%9@K,Non valida
51pjyz%o;~w/R,Valida
"5!*`T8+fPw""",Valida
4RV4uva=@qx%,Non valida
4P686la(e[M3l+%,Non valida
"4+$*95-A,lV",Valida
3|fm>_^HfN?,Valida
"3,e""xOhso%/qX",Valida
2c)NA)0I]Cb3^,Non valida
2X!r'GWGMaL!B,Valida
2E2XrHS!d|Um,Valida
289ADGAn2+9@)1,Non valida
1TSle=-0Nx2'm,Non valida
15I=#b!NHi3,Valida
/RT8%'Z5zj,Non valida
"/8/""ZZGH>7Pe",Non valida
.un1'6P>Ks,Valida
.sH~@n|7f@4,Valida
.T7aIo/^8uYP~q,Valida
.;JdAuD#WM0<p5,Valida
".,NI^YD&FJ2vY",Valida
-b=1&0*aLI$F4G,Non valida
-/WU2A_no-,Valida
",@o'|ux8S$",Valida
+vivQti2]Jk),Non valida
+7^|i~a2DYjfj,Non valida
+1'an2MT494/D~y,Non valida
*s$A$o%16JKq,Non valida
*S!l3wp\1:SB`37,Valida
)rSG/^HY]4X]>8>,Non valida
)pY447f/%'jd,Non valida
(Wi>1w#jg2NP,Non valida
&QDEpza]8FtK6ud,Non valida
&Oxir~%`l/$$9,Non valida
&@StK%8[olI0,Non valida
"%T1gE""R#VBL",Non valida
%KFUI;v?Ji6,Valida
$F_T9OpNcO:UyD,Valida
"""D+fh\z3jh",Non valida
"!U5/Y(.l,s_",Valida
!F&<7T]e'kUz~<,Valida
!3)Q0{bs%^Yc\,Valida
!#uZ|+1q^5Fa9&Q,Valida